{"cameraMode":{"drawMode":0,"name":"Shaded","section":"Shading Mode"},"sceneLighting":true,"audioPlay":false,"sceneViewState":{"showFog":false,"showMaterialUpdate":false,"showSkybox":false,"showFlares":false,"showImageEffects":false,"showParticleSystems":false},"in2DMode":false,"pivot":{"x":15.891288757324219,"y":-2.3594961166381838,"z":16.014997482299806},"rotation":{"x":-0.1167793869972229,"y":-0.06639337539672852,"z":0.007824432104825974,"w":-0.9909053444862366},"size":21.667037963867189,"orthographic":false}